Ygrowth,Igrowth,Cgrowth,N,wgrowth,RB,pi,sigma2,TOP10Wshare,TOP10Ishare,tauprog
0.010859233902659558,0.03361155500871593,0.013346281721121761,0.009161587787346548,0.0032765425272197803,-0.008917046071019629,-0.005099453531913189,NaN,0.0033817431199866244,-0.0695375760469108,-0.04280093439194932
0.02116685578488978,0.08584483271001897,0.014658650727236738,0.02225358147229084,-0.0016551446096000153,-0.00902510700086444,-0.0031304856421748625,NaN,NaN,NaN,NaN
0.012022455321775514,0.04958212457491751,0.011398909132458362,0.03242060985028772,0.00023116652504308853,-0.008136029713062976,-0.0037348425687134586,NaN,NaN,NaN,NaN
0.004142417383973171,0.005772431773199752,0.00473854511391672,0.03994505046754959,0.006839221134658199,-0.00774575016000308,-0.0008543925334171028,NaN,NaN,NaN,NaN
-0.00016552953247325492,0.013402961597894784,0.004841486084521313,0.04894366717952181,-0.004825543748613751,-0.006650459798588143,0.002037842236025567,NaN,0.009120850918729329,-0.04890694473772195,0.025505694490028485
-0.01169365678842146,-0.03849935287137907,-0.006071333806157847,0.052059625331816406,0.001552257770092066,-0.005614357770046754,0.002154311252496344,NaN,NaN,NaN,NaN
-0.002373200682513979,-0.01747612039837509,-0.004402338418887902,0.05119830563190586,0.009362402565716096,-0.005299595413025502,-0.00195393736600411,NaN,NaN,NaN,NaN
-0.009735544546260879,-0.018597369276036165,-0.0054880785695981815,0.04407524591528933,-0.0011074805765520588,-0.004777970747395425,0.004647095501121213,NaN,NaN,NaN,NaN
0.004711191967736869,-0.01900102265053238,0.005929543267037124,0.046507797713081445,0.008833693109183157,-0.004488296794092881,-0.0037920824301628017,NaN,0.013951424609674301,-0.07679004856099958,-0.014487294545448393
-0.0014995322258529427,-0.025293639118209473,-0.0008845314060540177,0.04435169227760216,-0.0032608610268647174,-0.004198706727490574,0.005813152233644337,NaN,NaN,NaN,NaN
-0.00809322611497917,-0.010768181881879887,-0.006132408643885506,0.03905901394918221,-0.0008208845541501728,-0.0041821612563991625,-0.0008694991523124692,NaN,NaN,NaN,NaN
0.0025517103716505033,0.012925717989120681,-2.2944941854008416e-6,0.031035444108269417,0.0032428506148321126,-0.004016721600136321,-0.0018622935387194502,NaN,NaN,NaN,NaN
-0.016726428112595695,-0.08979143199910222,-0.007519695285287037,0.00695340410713996,0.008851528525282945,-0.0034378982491263983,-0.007146598570340812,NaN,0.01992072238129211,-0.07819080519849764,-0.051973384990569915
-0.029094932217075122,-0.07968215339270923,-0.0218456881890777,-0.01893405092007061,-0.014680942123028265,-0.003388300404969305,0.0029828419506300555,NaN,NaN,NaN,NaN
0.0002684602040356225,-0.030170546377237702,0.00022331297462976907,-0.0370127958084554,0.0022569325806176734,-0.006841219562126794,-0.004955544704703252,NaN,NaN,NaN,NaN
0.014420697273659275,0.06405457566007922,0.008443568421574815,-0.028426593377747444,0.012886327509469738,-0.009141493370489166,-0.0017170866549836902,NaN,NaN,NaN,NaN
0.01768316972753384,0.07189899517291476,0.0054660058356134356,-0.01693623077312445,-0.00449717465215547,-0.008185863600116583,-0.0030700013109722143,NaN,0.018322697780307817,-0.08268645761430138,-0.034820162321150594
0.009785483797931125,0.0431439480355964,0.010149409582322383,-0.0011222746938219785,0.003604139797632874,-0.006094975621821523,-0.0055198962623167255,NaN,NaN,NaN,NaN
0.017033322779657443,0.06492947703231788,0.007215018053941341,0.014219527563287038,0.0029910543963137717,-0.005084288765843337,-0.00624632768228559,NaN,NaN,NaN,NaN
-0.01085906958951929,-0.07673592883147773,0.0022755627461158723,0.007856883999553865,-0.001994429250983901,-0.003809960511836379,-0.003959651402559361,NaN,NaN,NaN,NaN
-0.0038100998725750486,0.02203069103105282,-0.007027577609775543,0.004682021722576479,0.0016097520808143941,-0.0025868097547899916,-0.003909431636658,NaN,0.02859255010242362,-0.07009359496587853,-0.01056494584037626
0.010362534054213644,0.0857312360561524,0.001394364989803526,0.007472262424764509,0.013403642175076077,-0.0015631583672643234,-0.00385985732749714,NaN,NaN,NaN,NaN
-0.01427070267045968,-0.10786219314435552,0.004328830634650421,0.00563608472332966,3.3502466603182665e-5,-0.00170343570404035,-0.005296862890261744,NaN,NaN,NaN,NaN
-0.005275289310144285,-0.0126360462562447,-0.01218760923212478,-0.003479857275932474,-0.0013484907514126152,-0.002289512678498999,-0.004400751901213562,NaN,NaN,NaN,NaN
-0.023121482482728464,-0.12752892727778242,-0.006947193265277457,-0.01619957685044149,-0.002692845782904166,-0.004173888623509775,-0.004862010818159268,NaN,0.032327113477662706,-0.08296810808792787,-0.19369403887314096
-0.0011413778455840714,0.015510575874643887,-0.00862023147188537,-0.02552722031539556,0.0027625709249696952,-0.0057634903160155805,-0.005639678881988663,NaN,NaN,NaN,NaN
0.011250207383752073,0.05759602159031996,0.006508315714779306,-0.031403179166640705,0.00777212552653341,-0.0064929030882122365,-0.005516510925066198,NaN,NaN,NaN,NaN
0.011751420291812895,0.06469915685387395,-0.0034859019052731754,-0.02911772215118802,0.001046257535355274,-0.007164764958782919,-0.0052666121936065565,NaN,NaN,NaN,NaN
0.011438181358537722,0.006208465127367727,0.011655449880385055,-0.020162472018254718,0.00028254862150891256,-0.007289233375082947,-0.004700622351163952,NaN,0.03533334292658902,-0.07987430727961153,-0.10413880529709374
0.01082648979638515,0.04230437265510201,0.0022003922206565163,-0.020127044464793187,0.00678954518741672,-0.005506664761289908,-0.0026837324040041906,NaN,NaN,NaN,NaN
-0.00022636793264871075,-0.018129836786740402,0.0038671708802255067,-0.011979377855040774,0.0011772388579253303,-0.005365852939490628,-0.006177951082801813,NaN,NaN,NaN,NaN
0.004808649223174174,0.0065851519850364006,-0.0003960995862342942,-0.01770893493075576,0.0011083949160831854,-0.004993211445274992,-0.0057393278653890874,NaN,NaN,NaN,NaN
-0.0025504928476406093,-0.03996421614847723,0.0056824954873619105,-0.027580183934420965,0.002980935777754287,-0.004397273736234597,-0.005743654484521387,NaN,0.04217097640419315,-0.06482385596452422,-0.14350259528687914
0.0015267112983400636,0.040997767504708627,-0.0014645844948596165,-0.02533203011005636,0.001733513024541963,-0.004206979565694642,-0.003490767393639826,NaN,NaN,NaN,NaN
0.0006103359450909977,0.00543404763655975,0.0008959279331083592,-0.022708415253641867,-0.0004927961610140339,-0.004099438006982872,-0.00606946355636615,NaN,NaN,NaN,NaN
0.01546325482632108,0.020000703274777546,0.005012677747231825,-0.023790373150473165,0.005004616560597938,-0.004107710023990241,-0.006509495428899869,NaN,NaN,NaN,NaN
-0.0033536760323945288,0.0016779785484386557,-0.00020787414109299518,-0.0198377376164105,-0.0006821095136777342,-0.003198198121103146,0.00026257379967566975,NaN,0.04146090039622791,-0.05272582553818239,-0.08221012575973408
0.010618300653970767,0.02636504403108209,0.010932112879574879,-0.0031618370372212823,-0.01020192360873993,-0.002892457213480488,-0.004667845668847237,NaN,NaN,NaN,NaN
0.004141186059227894,-0.014051927162399554,0.009011761622149811,-0.00261981080922169,0.004898784827680266,-0.0028676715065700416,-0.005539776165558985,NaN,NaN,NaN,NaN
0.006524206175074684,0.01265673178027438,0.00969164227666433,-9.802504160738579e-5,0.005262479571786291,-0.0028015792913827827,-0.003825596701771383,NaN,NaN,NaN,NaN
-0.005452044668325354,-0.0010032350660056331,-0.005696690794719211,0.005680226723200121,-0.0010690792661476132,-0.0028841952429177874,-0.003291664180423792,NaN,0.04089247633658577,-0.041853198724935314,-0.1603385001419717
0.019727410435411184,0.08054248204804093,0.013413568778121748,0.017096447198349907,-0.0047765577117485445,-0.0025868097547899916,-0.0028257988623353377,NaN,NaN,NaN,NaN
0.0013203747286271465,-0.007884583316534407,0.0023114551981770204,0.023019248818495264,-0.0018645678019515253,-0.0015961630291758105,-0.0032135209247113657,NaN,NaN,NaN,NaN
0.01547049871747733,0.0236499040877467,0.00833305738783921,0.02146896998571446,0.0028615493173213182,-0.0013404053870222418,-0.003957505499220337,NaN,NaN,NaN,NaN
0.01432927381468355,-0.00397370174567779,0.019040911031375535,0.026920837585119095,0.003983540577511954,-0.0013486546126262895,-0.0009754933602151624,NaN,0.03490443449196323,-0.051087376236637505,-0.298344805436598
0.01764865734758617,0.06623988697962435,0.005884447531668974,0.03706914051496124,0.007033744666398075,-0.0011259494032907196,-0.001438226877694104,NaN,NaN,NaN,NaN
-0.005338316184828021,-0.02559101587368406,-0.0062497077311306215,0.04268323615157943,0.0037539177108141444,-0.00015322677509169852,0.00035143545133533606,NaN,NaN,NaN,NaN
0.0024101776054573946,-0.01813528609079373,0.002524313231626968,0.04320843444567224,0.0007571883738376663,0.0007197688906668952,0.0018052026729208585,NaN,NaN,NaN,NaN
-0.0015746858279384853,-0.004921782061033216,-0.004774137752270841,0.03652126573309111,0.0011660260003245795,0.001945617162414915,0.0004975353448509971,NaN,0.029168006887114184,-0.05958174160127272,-0.3150611659907563
-0.0005553524741820056,-0.0356451543191012,-0.0031985201310838762,0.031180364964309426,0.005261242202763047,0.002323763591793232,-0.003658967045662242,NaN,NaN,NaN,NaN
-0.007718849848252188,-0.047716736147036976,0.004627941530540275,0.020860073468148776,0.007128905827197404,0.000497474398949831,-0.0027573685014340207,NaN,NaN,NaN,NaN
0.0018768477804652932,0.017977903723632064,-0.00394549192496782,0.019851348356135112,-5.2803505724322367e-5,-0.0015631583672643234,0.00171893166025785,NaN,NaN,NaN,NaN
-1.057824235969635e-5,0.010356817948289358,-0.0030284753423718003,0.019952650017200924,-0.001330616140917543,-0.0018024668494164703,0.0032607807430486083,NaN,0.01511896706571203,-0.08975162759957378,-0.32451482972779067
0.012769579909940685,0.008791959309696121,0.014494275787246741,0.017275594481734657,0.011497170386322272,-0.001109454693968474,0.0031949235873220076,NaN,NaN,NaN,NaN
0.00696617354176757,0.02646877870834086,0.0059010477439795095,0.022247342535154147,0.0017724222311398443,0.00041513056398634167,0.002689727217135696,NaN,NaN,NaN,NaN
-0.0010671638965214754,-0.038832515726286765,0.0092754321254013,0.024683945433872978,0.0025898763812122385,0.003358824309182098,0.0019266158356133992,NaN,NaN,NaN,NaN
-0.004328881926254216,-0.00040210723914224297,-0.004844867829553928,0.02620081807305752,0.0017325235441748767,0.0032685045360695015,0.006194974073209148,NaN,0.03733248681673207,-0.08296810808792787,0.005599637120779821
0.007213036938285153,0.045941445878294296,0.001583772325182059,0.03080900006551346,-0.0005994296395509333,0.003194600471723076,0.002443729459311728,NaN,NaN,NaN,NaN
-0.0069500507890619375,-0.017268875073063402,-0.003011703983533204,0.03523408838126052,-0.00047698474622801836,0.004794633634263612,0.004811092539352435,NaN,NaN,NaN,NaN
-0.002732275243309293,0.008675318491266463,-0.004667390559271206,0.035293881640741986,-0.00022972070393865486,0.009114224100006845,0.0061566728778569505,NaN,NaN,NaN,NaN
-0.015982871908758103,-0.060938284689579625,-0.0016486724285297016,0.02753909106199881,0.002344399926090387,0.010721121869435775,0.004992875662436136,NaN,-1.836363706170241e-5,-0.12320342027982667,-0.08409183943529852
-0.011131021481684069,-0.0417975800383088,-0.0034614408319409706,0.018660598983634813,-5.297127550772142e-5,0.010615162468088935,0.006193105416207123,NaN,NaN,NaN,NaN
-0.009449219735370686,-0.009408059916942154,-0.005225864318740031,0.0005716961916313323,-0.0020120024717448035,0.009718133205560578,0.005999406497156157,NaN,NaN,NaN,NaN
0.000894626942391649,0.004488235466440397,-0.001026260699279996,-0.00941090653399268,0.003938424387632719,0.008036074492171605,0.0003506610554448123,NaN,NaN,NaN,NaN
-0.019212526550364064,-0.06619231812361104,-0.012495670082831006,-0.022123855304120532,-0.007269156144709446,0.005138921331018708,0.005311392720695496,NaN,0.018322697780307817,-0.1397620481742352,-0.15891778684594726
0.016019799062841376,0.09855262952491817,0.009170371809185701,-0.02266152889115869,0.001480952638591623,0.002331982578474244,0.007253389379139686,NaN,NaN,NaN,NaN
0.000232089048780945,0.016225797303486725,-0.0007321036231196787,-0.02454920314070641,-0.002352167679976572,-0.0018932540154748424,0.005232475931355696,NaN,NaN,NaN,NaN
-0.0018832735035937105,0.0002899462798788867,-0.00195548405156884,-0.02970885689526881,-0.0004018779923513436,-0.0001367481026132919,0.002303574275992171,NaN,NaN,NaN,NaN
-0.00540834107584173,-0.039091211771588696,0.0065374157887706785,-0.02431953358900607,-0.005366250480484317,0.002110046223977643,0.00048422849892717536,NaN,-0.0007590495460448321,-0.12349671841948617,-0.15892952001032334
0.009842082274500594,0.05198497982725403,0.0031741424550219277,-0.01835503000251215,0.008466909080675397,0.00031630901092522673,0.007305104277537078,NaN,NaN,NaN,NaN
0.013322236964671195,0.04342392473936574,0.00889055869380187,-0.016379089116753676,0.0015803312084783552,-0.0026611478361583934,-0.0016160127317482505,NaN,NaN,NaN,NaN
-0.0015031654542350921,0.0022945569750687546,0.005353110489926399,-0.015970220687358427,-0.00016203143318269976,-0.0007961069000941411,0.00168552143814984,NaN,NaN,NaN,NaN
0.007253903067015041,-0.005603262921822779,0.013238093747455798,-0.010785441177119104,0.0021330574804221594,0.00029983780259690285,0.004849037484035224,NaN,0.015556444287417648,-0.11415358475990889,-0.2084902677632572
0.013563499205936278,0.045127649114431456,0.008120718926241471,-0.0011710434949323556,0.010662202637552595,0.0012958579205818582,0.0036354625917712994,NaN,NaN,NaN,NaN
-0.0015433490911019561,0.02994070952211825,-0.010368398600899192,0.003954157782150247,-0.005301978501378127,0.004720842275198223,0.007455257237692381,NaN,NaN,NaN,NaN
-0.017590691416495243,-0.048743243343818854,-0.006422840536248836,0.005447925875997406,-0.0059594112178560175,0.0078644434657645,0.011440757060101748,NaN,NaN,NaN,NaN
-0.0016948450367773845,0.023235169876522303,-0.012906030353267178,0.005244197579521881,-0.0036387630325866813,0.014568797880452221,0.011910263673877841,NaN,-0.00046270934532810504,-0.10806925482123475,-0.0032178629491319555
-0.016391551984768018,-0.07055285030045777,-0.018852549565740867,-0.004101496631584212,-0.00012572702691835726,0.013195746037184096,0.010874445786223897,NaN,NaN,NaN,NaN
-0.0010797698091081472,-0.01573925215852778,-0.006268623375756371,-0.006562902808180837,-0.0015752765296271707,0.011552106226315426,0.015536827667850828,NaN,NaN,NaN,NaN
-0.016290522646092622,-0.0649265584042995,-0.005571862186955906,-0.015091703093022879,-0.003612932688793683,0.01624801853276224,0.02107582871735949,NaN,NaN,NaN,NaN
-0.017815769109256276,-0.005612471575141772,-0.024510266101083283,-0.0366780358221499,-0.005851399181545628,0.018288488548663884,0.021169318523237245,NaN,-0.02369342806048874,-0.1391659229702924,0.09047709099369117
-0.031892582524255836,-0.1872698310297709,-0.0013892857590921126,-0.07318656628430542,0.002967531851406099,0.011609109251562997,0.014655499847486065,NaN,NaN,NaN,NaN
-0.005143372450177122,-0.041794000451635505,0.0065757479669152075,-0.08740921769785448,0.0023636186668234607,0.004146723531675561,0.006923613976884147,NaN,NaN,NaN,NaN
0.013748516903582395,0.06310344492636144,0.004449156075092026,-0.08332768497202547,-0.0037747122911520967,0.001970283245318812,0.009676021629990617,NaN,NaN,NaN,NaN
0.003285079139699806,0.01602550163430028,0.0010777136060514947,-0.07138770215777335,-0.00427280413842133,0.0037938870923196043,0.008778549896911647,NaN,-0.018249591843035984,-0.12731744312615123,0.16862605203924064
0.01830848051962045,0.08065884633072518,0.010209753978504571,-0.059985829188284434,0.004717290263290616,0.001953839257651545,0.0026888791623381984,NaN,NaN,NaN,NaN
0.0009555191070950457,0.02740266242594114,-0.0003780657701724921,-0.06427837617636456,0.0046714595239299075,0.0005057084095306356,0.002201349840199063,NaN,NaN,NaN,NaN
-0.0017900389295485127,-0.00787196653176014,0.0009521881000335297,-0.06508431043720542,0.004028823272168266,0.0014192624036121308,0.005025866194786977,NaN,NaN,NaN,NaN
-0.0006252365254132116,-0.0038619436684053064,0.003474296713216779,-0.06448157145778755,-0.0005840662652519622,0.0016331274391390878,0.00994533480531925,NaN,-0.04375689301097241,-0.12967593478544437,0.15996357748924828
0.009878407589987735,0.03402561293834783,0.002324371485088156,-0.05865925017164475,-0.0010120214287036942,0.0006209774393401389,0.008126384720921332,NaN,NaN,NaN,NaN
0.00995324448829452,0.05804668152308157,-0.003900744573865106,-0.04452274660245603,0.0023520572585699253,9.392480422907093e-5,0.006194330212201971,NaN,NaN,NaN,NaN
0.008396948914665057,0.038228164912095686,0.00011066926485306383,-0.03842491169640638,0.003235438558364742,0.0013205400355114274,0.004275247378288017,NaN,NaN,NaN,NaN
-0.004955572520633692,-0.03649222596343282,0.005706855651249759,-0.03312999660827831,-0.008129839731711311,0.002956427992658916,0.013565584609558945,NaN,-0.034670821415807684,-0.11764703809446897,0.27025052583856457
-0.001765656057475998,0.008268068789822006,-0.0035254832790890533,-0.03295975639454074,0.007904433764521398,0.004663445231130296,0.0065980470503036685,NaN,NaN,NaN,NaN
0.02141240447437612,0.0519670610395897,0.012040505434621457,-0.008664563275265103,-0.005864583364645496,0.005261852502011119,0.01112709849929252,NaN,NaN,NaN,NaN
0.001525828839498952,0.017802754319213857,-0.004838132894213837,-0.004578832154590984,-0.0018406650250021115,0.006555810391429337,0.009019884330089623,NaN,NaN,NaN,NaN
0.00148332918973951,0.012033951785261902,-0.0009401055809124814,0.0031550759299525666,0.0004746133618997086,0.008558958864940734,0.012423433793318362,NaN,-0.06565329488254107,-0.12584620555019388,0.34662575133703855
-0.006215922017008016,-0.009130603561426472,-0.0037340302106333156,0.006118496216802605,0.0034084673264725054,0.012187099246447222,0.010246969445531518,NaN,NaN,NaN,NaN
-0.006069273945979195,-0.01161926152088721,-0.009504143451468744,0.00513189574184203,-0.005437055038815345,0.013382721946289396,0.016379005286899194,NaN,NaN,NaN,NaN
-0.0009677194088076576,-0.027631712912621783,0.0009219506616794659,0.010134006520406302,-0.003548349132474907,0.013642804198767308,0.013811387535355957,NaN,NaN,NaN,NaN
-0.004662385191428112,-0.028486097141484198,-0.006248951376176842,0.008397552549015863,0.0026135914673744067,0.01551015772793742,0.010562921133101222,NaN,-0.043447534926525366,-0.1173554503974037,0.36991921873219735
-0.002207297281256207,-0.017380928065601427,-0.01006522983274713,0.0020131901735620517,0.0029787329297989076,0.021889622840012266,0.012971546991807381,NaN,NaN,NaN,NaN
-0.03638556195282869,-0.09931698727863125,-0.03137405394639145,-0.020110623430941388,-0.0008106744148457055,0.025437680161070952,0.015688757299004895,NaN,NaN,NaN,NaN
-0.016683521585724694,-0.07867614396549438,0.0024016667803529457,-0.028501484134288546,-0.0009192937226637863,0.019735345121768187,0.014269110818132669,NaN,NaN,NaN,NaN
0.014529048383111007,0.07879295393944918,0.004961899957156041,-0.01891764879043567,-0.0033202701986594727,0.012805422795798204,0.017892172330121657,NaN,-0.04903067598023858,-0.1305618052110138,0.5107357710670553
0.013669327424122333,0.07825131184658307,-0.005063305709951033,-0.01687231082568541,-0.0051160943324485095,0.027379350446544742,0.01817907358777506,NaN,NaN,NaN,NaN
-0.01570039893065397,-0.05253041342140907,-0.008241471278287088,-0.019740775209719175,-0.006340680414241554,0.029101231165254683,0.01180083439752635,NaN,NaN,NaN,NaN
0.0020283773532968922,0.04469561252921839,-0.0036646288949558625,-0.023884249779800193,-0.0005215556899802829,0.0320016946356911,0.010825933138648347,NaN,NaN,NaN,NaN
-0.0166434808059058,-0.04592851568119283,-0.015069991381400166,-0.03176391382537869,-0.004755914510694662,0.03151487662019506,0.009310666206625262,NaN,-0.05527094584032316,-0.11677252994953635,0.5472385412431353
-0.022981281006910183,-0.10939609970767972,-0.0008041774572028204,-0.05220419157556222,0.008356226282793386,0.02191380186148839,0.005840881464735182,NaN,NaN,NaN,NaN
-0.006837871319858327,-0.01073566200977982,-0.005072941519317448,-0.05101335208802116,-0.009063484211242293,0.023460044478615147,0.005085002513241977,NaN,NaN,NaN,NaN
-0.00407381491683653,-0.019119991196467897,-0.0013512976586934344,-0.06152045491129332,-0.0025301610716862797,0.024151857780977858,0.006266117810516692,NaN,NaN,NaN,NaN
-0.007362606608271119,-0.0903063883323858,0.009372887629523069,-0.07420609130827405,0.0003679285984614835,0.015656151418024906,0.002492051470113355,NaN,-0.07168027585439068,-0.10835814692204493,0.3924120487254261
0.0038678905083579266,0.02423135032422064,0.0018897723381957887,-0.07139084322105749,-0.00129126633848318,0.011462523478264064,-0.0002940294784473437,-0.7146420119055188,NaN,NaN,NaN
0.02053581197544366,0.07508898823066001,0.012254217092561609,-0.06303335414654576,-0.001615795491974584,0.009913917321568053,-0.00043485793171424945,-0.5823655952185902,NaN,NaN,NaN
0.017174169325027275,0.05099479010146357,0.009915747052007623,-0.04640823955761153,-0.00907582562719115,0.010280909255942257,0.002759674291605974,-0.2883581296202644,NaN,NaN,NaN
0.014302199991756002,0.08313346508537212,0.007981875723271165,-0.030940053207507923,3.8502921562901665e-6,0.011885934877613169,-0.00027512563128282395,0.1460485874618298,-0.0804683806676817,-0.08748533767774758,0.33916700604936256
0.01729654355821678,0.0826046471531674,0.00047643353732987337,-0.015076331878454141,-0.0025338512035330916,0.01181266496342826,0.002262227175301357,1.01140161695563,NaN,NaN,NaN
0.011397156063520573,0.022383772991415366,0.006159253336518594,-0.005206644118637804,-0.001923371407819877,0.012439356338447042,0.0006948947790289765,0.21170259292450577,NaN,NaN,NaN
0.0016587649016341103,0.011816278199051847,-0.0003197639718518219,-0.0039003208932131272,0.0017881275546191202,0.014560678855547014,0.0010271726462597556,0.10222974015355746,NaN,NaN,NaN
0.0013710015323079887,-0.022605391162552554,0.00517041646437591,-0.00039675978692077507,-0.003351951520974875,0.016588386133053044,-0.0003732454106505131,0.36256485165315855,-0.0764642109867566,-0.0554625541209417,0.34676728413750113
-0.0019536589567129255,-0.03733788682949868,0.009204286427645064,0.004598043319135492,-0.0011511024832992298,0.011413656778466808,0.0020173812500098535,0.4149157595023425,NaN,NaN,NaN
0.006433993673134938,0.00739114624086579,0.0014966864867872742,0.00844746388200246,-0.000832532237380704,0.009481509578811385,-0.001407713126996368,0.15897218615545583,NaN,NaN,NaN
0.007893184549872121,-0.016318640249385116,0.011208851570535222,0.008335420172582708,0.004770266250935037,0.008125964703596859,-0.001801577963400058,0.48593303510878094,NaN,NaN,NaN
0.003459807410287094,0.026748059225142565,-0.0054052953896533695,0.010443493048044594,0.009255608454465955,0.00806876277669334,-0.0022471215904612315,0.623203654886793,-0.0828786011644202,-0.05299916160657836,0.3526936454929528
6.937722387926042e-5,-0.009737862559377138,0.0011371700740848978,0.006130241536818737,0.005350791724497003,0.008567126764279424,-0.00286010708825688,-0.669917198745317,NaN,NaN,NaN
-0.002307297671897271,-0.0270121927488125,0.003299303791392566,0.000567266242212483,0.0038409875199206436,0.007888963987399118,-0.004044044297513016,-0.6276913334625274,NaN,NaN,NaN
0.004114060304176856,-0.0366646834274329,0.010014060158488297,0.002775023267426846,0.004447114756003697,0.0056633223787282815,-0.0037308490743746866,0.07438983733538329,NaN,NaN,NaN
-0.0032274645188306835,-0.006388211497784898,-0.0013974931903955878,0.0074736005208579925,0.003986918798847402,0.003908777741167702,-0.002386800799479038,0.12424714433204453,-0.08094996025801465,-0.05958174160127272,0.4661529597786731
0.0014345819866813684,0.017282070137127018,-0.006536129988446854,0.017059546559138106,-0.005868494128971039,0.004056474896624973,-0.0014451651563461617,0.5082148559204009,NaN,NaN,NaN
0.004267493127200569,-0.008807629151289294,0.006069806143460005,0.019992979820261603,-0.0035055014218197487,0.003941601216520216,-0.0009184259681077386,-0.331908176255018,NaN,NaN,NaN
0.0007541443658617723,-0.00918628186690373,0.0038931852981893,0.024173434400824867,-0.0012705991944661852,0.004999581065964752,-0.0002714969682612086,-0.03610981714389805,NaN,NaN,NaN
0.009210088458007224,0.05661334290025888,-0.005320004115368343,0.03171065434752762,-2.2545554225570502e-6,0.005474897406127185,0.00011863779678713583,-0.4203067631892239,-0.07470744298722815,-0.029227107553355558,-0.050909101095148124
-0.006377885966936195,-0.0584859275143641,0.010103195918694047,0.029905457497431343,0.005597554703534477,0.005655130726840622,-1.776624618208232e-5,-1.563932436392097,NaN,NaN,NaN
0.0021886442341176064,0.014284212859458915,-5.321592192117364e-5,0.041159009031995986,-0.0015567035700789576,0.005032368757468516,0.0018620259473209003,-2.10126003079594,NaN,NaN,NaN
-0.0029284680389197433,-0.003729777295723654,0.0014578970690383442,0.04113253841067621,-0.0034623319354202074,0.0062447582140117645,0.0040666945882620546,-1.939296261431048,NaN,NaN,NaN
0.007348073880887237,0.00589669767714707,0.003939597765374364,0.04961812302448987,-0.0050025809799318175,0.008273040349769065,0.0007788790554134287,-1.2813657301087353,-0.05558398387700053,0.017450639659119527,-0.16332740576903682
0.0014971370057385329,0.024135491531013468,-0.0027481563644734253,0.056902535079237815,-0.011444698185481753,0.009465188643947768,0.0025512158892532447,-0.9116927627740026,NaN,NaN,NaN
-0.0019789811537055087,-0.01894302725318386,-0.0027029511312758048,0.05809368197475351,-0.010373533554540163,0.011845230032509787,0.00277810843601114,-0.5271108387845089,NaN,NaN,NaN
-0.0020983052693995504,-0.018250530873902267,0.002288856430818248,0.05771294672598337,-0.002231822898726624,0.012536987163830489,-0.0005499294165452803,-0.040899224971579606,NaN,NaN,NaN
-0.0038199280944460597,-0.0166465546518717,-0.0030079923405295916,0.055111391914164365,0.003278229758614434,0.010965600723232815,-0.0007234697982084533,0.6563977286514318,-0.05464516359211696,0.005661676882577904,-0.26248214558724703
0.004545459393896198,0.000678371829297756,0.0010435431660104355,0.05540039466949853,0.004435150701590137,0.009816030054991818,0.002911641791673825,1.5309769798064226,NaN,NaN,NaN
-0.006837584664475341,-0.008891816367181168,-0.004273016997590945,0.04840233227708257,0.004270312054863298,0.008926448303755026,0.0033222906839795122,0.004421372885703434,NaN,NaN,NaN
-0.005389253327775148,-0.028759962424151016,-0.0033562314036098273,0.04066696367930689,0.0006753034345940625,0.008910118307184073,0.0007030529972743785,0.14242977250280564,NaN,NaN,NaN
-0.015404481979734843,-0.06675159711747458,-0.014953869889387933,0.03375550624132817,-0.003749502425797172,0.008705970846681876,-0.00040085639372775504,0.4662685062298486,-0.052614071572882004,0.004887982453267492,-0.24232082166726077
-0.01694458434371734,-0.04300214058949425,-0.011068074472823847,0.021296681718294685,-0.007814666212021351,0.007684607933048529,0.0019218587991801876,-0.10811937492805601,NaN,NaN,NaN
-0.0031846820144239814,-0.009183120504634875,0.0009600714544614475,0.012394292126960416,0.007846696832949049,0.004450227362665126,-0.0005103094628629897,0.21847163675284165,NaN,NaN,NaN
-0.002302088860251264,0.010446799886124406,-0.0023165794767493197,0.00862588372810702,0.0001919825492248308,0.0030632019809741957,-2.722203549363443e-5,0.3745173954192662,NaN,NaN,NaN
-0.0031707613066499192,0.02567887836358818,-0.007799894019173331,0.004332849870268163,0.0034844866015807576,0.002521000630261047,-0.0019104526257670337,0.5742859766496213,-0.05198994922464634,-0.006267925176834277,-0.19800381313308302
0.004511386541356774,-0.02781249105008232,0.011260593308506733,-0.004182808523364834,0.01813784516478186,0.0004810061743888601,-0.004114613236849562,0.5100835946261553,NaN,NaN,NaN
0.005669022792191977,0.04585563050374564,-0.0005247256700902925,-0.0028995915081475587,-0.0006087873367474992,-0.0014806514778923797,-0.0018229380454902518,0.13754621141137502,NaN,NaN,NaN
0.0036712503310948634,-0.0012532491584247261,0.0033632966754279237,-0.003824640965873094,0.002545078852095725,-0.0021078746330853836,-0.0029402179094140998,0.6673104501752158,NaN,NaN,NaN
0.004621455642903757,0.020884558752368502,0.004547908938089235,-1.9500055833177043e-5,-0.005347152092681865,-0.0033800343367658744,-0.0009705734204346946,0.4219593603343448,-0.0302348676789983,0.02202614332023778,-0.19946897908101002
-0.004083214354399925,0.014124119398567284,-0.0034776922391102916,0.006190891056755632,-0.0168877105319332,-0.003925741454422687,-0.00222661743575645,-0.02100644848544242,NaN,NaN,NaN
-0.00016951604602008247,-0.003452660475040222,0.001741095553770583,0.014803333225452242,-0.002356569308958093,-0.003917470942519251,-0.001882717257734567,-0.0769073485939682,NaN,NaN,NaN
-0.0015626869564047937,-0.016008249618923106,0.003743885165130051,0.018129545988238682,-0.009455231361352493,-0.004016721600136321,-0.001902247599824802,0.32071377384942945,NaN,NaN,NaN
0.007055413003643682,0.04200794628180926,0.0013890869537410977,0.024954962964846672,-0.002059990828692274,-0.0038678493074763105,-0.0023849387604760516,0.12405146227954145,-0.026882738987738963,0.013365875235565539,-0.12439183836048207
0.0034895364028765556,0.028151906518110618,0.004030772378137121,0.028528662224362122,-0.014439228468264323,-0.004041535803787926,-0.0030444409136757052,-0.4653437543459784,NaN,NaN,NaN
0.007601081829628295,0.03876703884211263,0.0003772301598633787,0.041930988019386106,-0.00037402207267698585,-0.00348749855335187,-0.00300595366703269,-0.11653392212065228,NaN,NaN,NaN
-0.0005124350514712191,-0.025728916116164232,0.00020314400062684812,0.050896081292274964,-0.009892573110267125,-0.0016869314665771198,-0.002100661561280281,0.09949576497946833,NaN,NaN,NaN
0.0047875546748038815,0.03103037541673626,0.0033381126415420737,0.05239385145020403,-0.00152752213992389,-0.0003345100966987008,-0.0024206363795350235,-0.495064250983126,-0.025970468892540732,0.014899617867514259,-0.05499325931058596
-0.003230484757869992,0.0011287340942738346,-0.004953629355770234,0.0544034361379806,-0.0034111043887244206,0.0013452215412490167,-0.002404503174588823,-1.334317073930027,NaN,NaN,NaN
-0.003694424707479574,-0.03032441829828247,0.0012696007482219385,0.050202220251663654,-0.0004423591602227637,0.002931786222392733,-0.0030325725809075884,-1.2578815621561876,NaN,NaN,NaN
-0.003373583625221191,-0.015338124094923519,0.0015195771062956054,0.05881035638773202,-0.0033811554673030906,0.0034491359253697867,-0.0029063551662552364,-0.414047185607048,NaN,NaN,NaN
-0.0011039769026928966,0.015139584540903254,-0.0005641439672757487,0.05852699804100858,-0.000627506273222592,0.002898929584116725,-0.00301938258012977,-0.23581492643645952,-0.021119034270988823,0.03387551932651989,-0.031065173244503086
0.0025451403777034002,0.006506429363388303,0.0016219141548846905,0.05763631288424964,0.0020988069414407864,0.0027099829609755505,-0.003027572261474409,0.006023641526151202,NaN,NaN,NaN
0.009672907142879748,0.03747025693214301,0.0031088924867098966,0.06404989395322414,0.0013032224771455016,0.0018305007302392793,-0.0036823378067148745,0.511404518994178,NaN,NaN,NaN
0.003995312176382856,0.03492617374150253,-0.0015805986213056344,0.06944211186585392,0.000461689957952335,0.001534426183085488,-0.004548843758068832,0.2846312200132166,NaN,NaN,NaN
-0.0002136711309275981,-0.010861061400800228,0.0002709893093188198,0.07779092946273458,-0.0034513899670672674,0.0016906986732767963,-0.0025024608510685106,0.9100119902619648,-0.015388359562003795,0.05618127684081797,-0.052437387867276364
0.0013106734844538252,0.010418490793562721,0.002786361265961018,0.0832410337202436,0.001536843215272107,0.0016249027065458263,-0.001863956505660935,0.6331603633741221,NaN,NaN,NaN
0.006158915107083249,0.04996139504638375,-0.003238564150328388,0.08502920241531609,0.003245507976510539,0.0016166779063055622,-0.0058387235695705805,0.6563732810391327,NaN,NaN,NaN
0.006151412171938961,0.004164985236566391,0.009135911741390862,0.08788711554515771,0.0017251223595816847,0.0022251304822223095,-0.003464490688870425,0.2710213968944508,NaN,NaN,NaN
0.003200485546910467,0.004897788190104006,0.004071863514689161,0.0895187714463237,0.010723123746470739,0.0022497896716759443,-0.004501598176777177,0.43063134810535697,-0.005214723039665692,0.07367443428833531,0.026480923746178053
0.004374416338475714,0.03323332637061949,0.0022188652784342067,0.09262586406162754,0.011423260716433533,0.0021840304818054723,-0.0064020775939560345,0.15969168964926617,NaN,NaN,NaN
0.00449098558957198,-0.01595521326808313,0.00958682772810207,0.0945609170989794,0.0063529045601815794,0.00221691061727459,-0.005460234622435811,0.5672091022889987,NaN,NaN,NaN
0.005989161080438929,0.015867213471099543,0.0050568261809388615,0.09273687274816655,0.007890676635521973,0.002167590008648178,-0.003599420708004208,0.2885326645277022,NaN,NaN,NaN
0.008452554907854602,0.02012359852229029,0.006397728251736373,0.10171999780794572,-0.001078727905434099,0.0022497896716759443,-0.0050072038280676075,0.7066094871972108,0.0050038034918546415,0.08302365736768214,0.052553880786486484
0.005015123874275193,0.01735090462331446,0.002253834915440761,0.09705735734015786,0.0104043431049576,0.0005880447866119885,-0.004576421831825916,0.1672045833454998,NaN,NaN,NaN
0.004001999978975465,-0.00935845134565216,0.00720734632618783,0.09924576765158921,-0.003504825729301506,0.0002751304814046455,-0.004051179125234538,0.6098292042388263,NaN,NaN,NaN
0.007985982675007417,0.017271797634419,0.0031718846869045747,0.10232774969329217,0.0013092354984218426,0.0003080734406736528,-0.004290035256378699,0.34449097542365603,NaN,NaN,NaN
0.010474996464758721,0.0164163088192284,0.006483577387908751,0.10320435341941891,0.010448569639859592,0.0011642096844780986,-0.0022891238922436493,0.33771563956341044,0.0050038034918546415,0.09181335643273891,0.11155716772171154
0.0009370023028406919,-0.017023250232706563,0.006968935256394998,0.10439645760910832,0.024177874639207113,0.0016906986732767963,-0.0011950394872476174,-1.2983300013558186,NaN,NaN,NaN
0.010067244268623963,0.04761929459817349,0.0012315707856100089,0.10385829832762372,-0.00765074407716094,0.002603171249380608,-0.001610902952637749,-1.9702786808161008,NaN,NaN,NaN
-0.003991877423973858,-0.01966742781348518,0.0014754557402113788,0.1002755143946672,0.009542589558474082,0.004072884345185712,-0.0019919070158479265,-2.189455466826713,NaN,NaN,NaN
-0.000557258916748485,-0.007840568576727765,0.0006376980177277558,0.09323907346212046,-0.003546669918206494,0.004679844722746311,-0.002448311637075795,-2.065924832260027,0.00485645213227176,0.10286839081347121,0.08736353536484698
-0.011926428042693029,-0.056556260094029476,-0.004449218242390168,0.08940405904426463,0.011666292611677445,0.004565042633222318,-0.0012300108709849319,-1.564445771094963,NaN,NaN,NaN
-0.00544548296450417,-0.008357106270087119,-0.006046071497385869,0.0762647716184297,-0.00567497966220549,0.0023977320401742056,-0.0018250920798287048,-0.36248093800883385,NaN,NaN,NaN
-0.01110536270398418,-0.031848436446586526,-0.00456898501230682,0.060873029375711596,-0.006854651031077278,-0.0007301514529747515,-0.0038974413010993466,1.169612092704849,NaN,NaN,NaN
-0.005226241991211769,-0.06087114175996167,0.007979002512310457,0.046109978439389465,0.0022167572620226308,-0.002785056920091792,-0.004687963194499245,0.831588724740695,-0.004917059694708348,0.0839776283439172,-0.13865031493830404
0.0018262841894870789,0.019505807204136087,-0.005799374358007897,0.034445491780382476,-0.0026460212426138528,-0.006169574961237351,-0.0046844232374393165,1.0281247127257505,NaN,NaN,NaN
0.001787430342709814,0.0062817185693484524,-0.0029598801869520075,0.03331751077587697,0.001619091909953704,-0.007164764958782919,-0.0043355515546744435,1.0802918005394044,NaN,NaN,NaN
-0.0022305970875609845,-0.011135740654485634,-0.0010032572713690457,0.026306172497770675,-0.003445113940341563,-0.007123278929197379,-0.0030381461633849135,1.0612463503989433,NaN,NaN,NaN
-0.002427177314104992,-0.010809398809489498,-0.0024194282146062507,0.024759050028095864,-0.0076446589521334905,-0.0071481703404171655,-0.002035277064028262,1.228675584810988,-0.004024600911688769,0.0734335574956495,0.010860978487816197
-0.00028545592007697424,-0.0016911591064649976,-0.0030321938950597926,0.016336951674293054,-0.002678620846959615,-0.007886897522234551,-0.002944445454184352,1.4102848907543262,NaN,NaN,NaN
0.0002462273520726114,-0.003305837417310716,0.0034749015406626838,0.009977106573921368,0.010001165159565317,-0.0083686091025937,-0.004309585327428733,0.8365177117069775,NaN,NaN,NaN
0.007913168560569925,0.02575746611236252,0.006143883968783653,0.008050631540243991,0.005355796226921871,-0.008376916509893521,-0.0021164888078309737,0.5610836864476738,NaN,NaN,NaN
0.0036641533539564534,0.023816534845480856,-0.0009945933911273686,0.009704991828770382,0.004012492823111965,-0.0089502943441905,-0.0017494883232312738,-0.10357196963006388,-0.001945289305550879,0.07656043917747013,-0.06749668103025197
0.0010206651874395149,-0.008014003958494161,0.0014410068053662128,0.010981191202594331,-0.01307359503916788,-0.009000168826753186,-0.0007112933812155383,-0.24457731887663403,NaN,NaN,NaN
0.0036193927036608812,0.029326891955045124,-0.00235484670297445,0.008941499738790881,0.006964969262223944,-0.008983543722845795,0.00021584494174455883,-0.10486938766664444,NaN,NaN,NaN
0.00397241717481803,0.006075203266958876,0.003896290069512004,0.011441659668632198,0.008301761730667536,-0.008966918895327889,-0.0014983325968736857,0.5956937196840233,NaN,NaN,NaN
0.005473781928308749,0.010981491127176394,0.00351114394096666,0.014125473220034657,-0.007857694793764311,-0.007911807948494914,-9.843180096900071e-5,0.3687622413150873,0.00485645213227176,0.09535485464493554,0.06360371697307166
0.0023891279909766,0.01812780136142589,-0.0013786245779657536,0.01369963900498039,-0.005637246578283442,-0.006625580772849565,0.00014027097739401952,0.08078809000786968,NaN,NaN,NaN
-0.0022551984448234393,-0.02264390568511043,0.0033363542074450747,0.016021599128915653,-0.004546847718483455,-0.005332723627500588,-0.0006493320280037459,-0.36848973272248564,NaN,NaN,NaN
0.0027883498067297367,0.0035188280205220614,0.0006098339592654212,0.015412356513528458,0.0003667184228688721,-0.004157343563037093,0.0012551539632929213,0.09153757137517271,NaN,NaN,NaN
0.0013473479844453877,0.021884703360607997,-0.00577458247148907,0.01907837143288038,-0.006497050639228516,-0.002875933340614681,0.00036241415546247636,0.14492200784757614,0.0057402347792796515,0.12209752494717596,0.036374311910217116
0.0040060273638765935,0.005088130939660655,0.003267260355336893,0.026799373557420125,0.007819062961600154,-0.0015879117615749446,-0.0007617121075916607,-0.7726970404514146,NaN,NaN,NaN
-0.00501419958354207,-0.015198130995890399,-0.0023945400049139864,0.026227959763147624,-0.010847151661207763,-0.00040868092864104234,0.0008711429503899474,-2.2416948026778787,NaN,NaN,NaN
-0.004150487767331815,-0.01321018499606463,-0.0011198273601197017,0.02729700690768677,-0.008169675806067362,0.0007033043265245887,-0.0008598295218294801,-2.8111700769415098,NaN,NaN,NaN
-0.005029481022212981,-0.028116769523466974,0.002004019307974586,0.0292056637747784,0.008175083613009731,0.0015426516598547862,-0.004252602393963611,-3.0529796775509492,0.006917397952294457,0.13848387248179206,0.019437952248531953
-0.0046242279200197885,-0.015811730604256443,-0.0013200836735297317,0.025940497555983377,0.009286425004855872,0.0015426516598547862,0.00164161878323168,-3.007499607294129,NaN,NaN,NaN
-0.001193021400708841,0.0002753830579402851,-0.0048082594788484145,0.02745299280974045,-0.011431193297599349,0.0015673276842194418,-0.0008927204528482498,-2.8312539216821033,NaN,NaN,NaN
-0.0029683264400797967,-0.020825740143822987,-0.0007662905506014839,0.022104684239787176,-0.004780552418164991,0.0015508770689661722,-0.0023705522993905156,-2.04977489977683,NaN,NaN,NaN
-0.00120168818806862,-0.020776852972626433,-0.003436809768153276,0.016860448063789057,0.003875782409639544,0.0011148371273811651,-0.00377857540503288,-0.7136629699267338,0.013221017740594088,0.13214327152901761,0.018750565762978955
-0.00856099216629799,-0.03693436562913899,-0.008733934286981077,0.010734833459406623,0.0019050182258548345,-0.00030978770851480125,-0.0041269308558818715,0.647140535135013,NaN,NaN,NaN
-0.001251011968631613,-0.026145636105934674,-0.004572675484917882,0.0022103273235485332,-0.007027054783074452,-0.0035784388345852947,-0.0029887131342952507,1.98896117979203,NaN,NaN,NaN
-0.01163748696180841,-0.029289999418881326,-0.015045903052530812,-0.011482733605657991,-0.001045695683585238,-0.006285629440656127,-0.00031598809566033524,3.0272944067736516,NaN,NaN,NaN
-0.03844002576389757,-0.11083449080406194,-0.016318024992085428,-0.04000238359593844,0.006807825746777135,-0.006650459798588143,-0.005403628252698444,1.6515543943771007,0.027872763128282463,0.1214088987292139,-0.2141159355776141
-0.031707156914213414,-0.12977226131203512,-0.009814461012438075,-0.06985711361889724,-0.030332581451425263,-0.01022287131760366,-0.00861180858956998,0.35449527463439434,NaN,NaN,NaN
-0.01283147171481799,-0.06900769199845325,-0.012179658227709028,-0.09719518420070106,0.0237573856596031,-0.00962586697883029,-0.00948313456994252,0.6553969677006943,NaN,NaN,NaN
0.0009239188865712037,-0.012072530149580093,-0.0005430330079590762,-0.11219792038764886,0.002839428533377991,-0.010943217567106407,-0.006634412966267744,1.427501297820303,NaN,NaN,NaN
0.006738612627738813,0.0801036342032555,-0.008328979004369325,-0.1147843834946718,-0.0024597797320610477,-0.012160767516187986,-0.004662732844751138,0.3099352387593495,0.03146652822661511,0.09582610818805837,0.01806270645221364
8.503301584608918e-5,0.012213706395432847,-0.0014437115749497964,-0.11298431396371988,-0.01647512673847376,-0.012521773174595888,-0.0049534254125255025,0.16356795405375735,NaN,NaN,NaN
0.004428379587119532,0.04207016950505871,0.001717395308144104,-0.10788156959943773,0.0031779184741984306,-0.01271343410243472,-0.002947776500789123,0.6646837333182427,NaN,NaN,NaN
0.0011806507922657332,0.0343704659861066,-0.00010038604363202253,-0.10562653310777037,-0.0010825481021865552,-0.012732356106556427,-0.004786065130446415,0.8892846841008346,NaN,NaN,NaN
-0.0039187377947390275,-0.011916754975083595,-0.001093671267526547,-0.10326443363813897,-0.006414109611136845,-0.013226844374807192,-0.0020328646618329223,1.5042594968956315,0.048397999073013176,0.12872991060882466,0.025212940157612884
-0.006484000284604133,-0.027872714435921427,-0.0033779337766658146,-0.10412094278948203,0.009917976284471974,-0.013854859052221323,-0.002716279077841532,1.922100734185733,NaN,NaN,NaN
0.00020476594310073464,0.031005035037664722,-0.006177012473887439,-0.09673911451387696,-0.019193671339378868,-0.014070396521477159,-0.0012299974332859783,0.8269389210771214,NaN,NaN,NaN
-0.008142955399707521,-0.0046565757930414585,-0.004157087497732442,-0.09656376192862659,-0.0020804338303171705,-0.01426640644681985,-0.0018172252983597922,0.23000157483898764,NaN,NaN,NaN
0.006008850359718795,0.06520783603168123,-0.0054723363888418974,-0.08971451626865878,-0.019958673776354893,-0.014804107593970571,-0.006635866150044611,0.7790112763768136,0.060039900670671165,0.1375805300536056,-0.040171797466581616
0.001015170342067914,0.012846008361525389,-9.88973081733624e-7,-0.08481901709866069,0.013949190347746913,-0.0151514564371024,-0.0019681866058099736,0.30823432197072353,NaN,NaN,NaN
-0.004903671112004152,0.013136032885284091,-0.005433526767172653,-0.08585995247796419,-0.0029576808108591566,-0.015043014332561257,-0.0037014300528305007,-0.01795778554486116,NaN,NaN,NaN
-0.00813017473501473,-0.006424407414121976,-0.005161655705071405,-0.08271397545720571,-0.009384714137471413,-0.014501864593369515,-0.002347195899522125,0.08469415883221298,NaN,NaN,NaN
-0.006283208099391172,-0.017588998826183474,-0.003202132289184506,-0.07948572950653432,0.016563421293713458,-0.014658678281672752,-0.0028242570759425597,-0.3973659692167182,0.07182349858306891,0.16674880070649323,0.12780758082299926
0.0016042407538276208,0.03000332431199926,-0.000703904332021027,-0.07520937428158359,-0.023209173964393516,-0.01498795346941477,-0.0038564702824904536,-0.5511072823818601,NaN,NaN,NaN
-0.004344378031599786,0.0039136980490210894,-0.004307232825167512,-0.07372531669057203,0.0007549501075270592,-0.015012183456003051,-0.005670197059278825,NaN,NaN,NaN,NaN
0.00034716706013218895,0.030591922882707404,-0.0031124337591595663,-0.07221758193916994,-0.010940472339983938,-0.014628841067928796,-0.0029320240740829725,NaN,NaN,NaN,NaN
-0.0012342444733300624,0.0005382845140529148,0.0016163269886403653,-0.07185547826168737,-0.0011315068697602283,-0.01565659629819366,-0.00254703801956011,NaN,0.0762239457278906,0.15215968253034873,-0.1415058148636179
-0.005953821827552855,-0.018869422718190695,-0.0035572731731360052,-0.07032640914932653,0.01114185340889144,-0.016488113281967944,-0.004035206440107108,NaN,NaN,NaN,NaN
0.005262526160169453,0.03126068368198087,0.002426750768853486,-0.062411371090949075,-0.014896109206154947,-0.017794237036324417,-0.002179164001422462,NaN,NaN,NaN,NaN
0.003970712202021306,0.013744053214044708,0.0027027254771473663,-0.05681639550566775,-0.002677511611202001,-0.01882055704045201,-0.0037191022478987087,NaN,NaN,NaN,NaN
0.0003658603209345827,-0.005796676290034771,0.004338655574204792,-0.049131207282475664,0.005886200100138251,-0.01862614552782083,-0.006829542534929933,NaN,0.07581222541740162,0.16718758965605218,-0.0775158667830973
0.0017377274443598793,0.025255590018084643,0.0005442967156822631,-0.04646721532293885,0.008210541423010377,-0.018170007940306925,-0.008369090729226291,NaN,NaN,NaN,NaN
-0.0018064656852943813,-0.005007442325450914,-0.00023743423775943184,-0.04619647238646429,-0.0007624740776334699,-0.016543865327139938,-0.002092346162090619,NaN,NaN,NaN,NaN
-0.001405540051731738,-0.00678065826654883,-6.24526189000052e-5,-0.047268433506179264,-0.0003694513968237629,-0.015187751257078167,-0.005174140176780062,NaN,NaN,NaN,NaN
-0.005711646976922805,-0.014935095527348171,-0.0030035440859648987,-0.04246151899567874,-0.005764188881672497,-0.013950861255263125,-0.007842040183485421,NaN,0.07333833740473228,0.16543127745925268,-0.2573032415680965
-0.0016607884527045343,-0.013228999443056996,0.0004665485872225317,-0.04229229249131805,-0.0026503135056827696,-0.011722147662239772,-0.008692995415902826,NaN,NaN,NaN,NaN
-0.004917007618984695,-0.013176525707904393,-0.0020925232333098565,-0.04201349790616682,-0.007071226159703551,-0.010589141196001383,-0.0010442832197833148,NaN,NaN,NaN,NaN
-0.00026952246264796715,-0.0046325574354595354,-9.358693806635343e-5,-0.0395783131982288,-0.0020218525397606383,-0.010555838390236924,-0.005267732591090235,NaN,NaN,NaN,NaN
0.0011477663313007895,0.018212795863070678,-0.0018692293377698677,-0.040938202422001524,0.0019638675036082447,-0.01049756114873187,-0.002996298031078792,NaN,0.06740360188491773,0.1612476315905076,-0.22526248823992612
-0.0019262899686299491,-0.011543670974631045,0.0006645777321153956,-0.039812426808939705,0.0010352618665130636,-0.010364368777128052,-0.0027377111004674767,NaN,NaN,NaN,NaN
-0.00027150425235275295,0.006759763900361374,-0.0020357976981802695,-0.03581630178930428,-0.0003438152218581793,-0.009740265904720574,-0.005209002921393901,NaN,NaN,NaN,NaN
-0.00021210585649308628,0.007676402162297261,-0.00022176238458779252,-0.035658014093441714,0.003644781603925536,-0.009116552293781648,-0.002696716055538983,NaN,NaN,NaN,NaN
0.005284672280363142,0.009801870758727741,0.0039142434627818246,-0.03164361112105407,0.0033251796208910982,-0.008609551937994843,-0.0016903419556800522,NaN,0.047833505690820566,0.1643320138550992,-0.05868013377898951
0.002125480714092606,0.00625969659298509,0.0002615990749687269,-0.02852682719463573,-0.0037774785003621223,-0.008484919085444577,-0.0014811721183395129,NaN,NaN,NaN,NaN
-0.003159638236827381,-0.008959056497189085,-0.0016027401299881505,-0.025694199618558677,-0.005919845097014948,-0.007878594184708152,-0.0007767364123279826,NaN,NaN,NaN,NaN
0.002849134225725666,0.02115154014780796,-0.002329495803144427,-0.02368022875693221,0.0016570811844443221,-0.007156467615177372,-0.003513067051820284,NaN,NaN,NaN,NaN
-0.004584851568700668,-0.008125575948800364,-0.003806720482697118,-0.022943528126334378,-0.004674298305615512,-0.006691926217015177,-0.0035218434295070985,NaN,0.04557234022768336,0.1724380939517347,NaN
-0.00304994658355037,-0.0015580369180208074,-0.005746893152675264,-0.02509187866754825,0.016139184849286115,-0.005954080940362621,-0.0043718284937174,NaN,NaN,NaN,NaN
0.0020860900575391554,-0.0017589559546271581,0.001070654953653799,-0.02462263480585314,-0.008237575143555614,-0.005498381164054871,-0.0028713021780072175,NaN,NaN,NaN,NaN
0.002932705370274266,0.0017347299992112077,0.003215801926358536,-0.024028773877830645,-0.006401318428712421,-0.005514948427143496,-0.0047172504000586365,NaN,NaN,NaN,NaN
-0.003445793403453604,-0.020592145240772016,-0.000482461754234359,-0.02842343067739339,0.010064781420349061,-0.006028669769476948,-0.004659895611142195,NaN,0.04543084747895065,0.16937865100588212,NaN
